65,honey & spice,bobu babalola
27,ace of spades,fardiah
465,ace of spades,fardiah
8,harry potter,j.k rowling
280,harry potter,j.k rowling
420,harry potter,j.k rowling
2,harry potter,j.k rowling
359,harry potter,j.k rowling
326,shatter me,tarah mafi
52,shatter me,tarah mafi
155,the presence of,lucy njeri
93,good morning kenya,james njoroge
418,good morning kenya,james njoroge
423,recursion,blake crouch
232,knowing god,j.i parker
457,knowing god,j.i parker
32,recursion,blake crouch
186,shatter me,tarah mafi
